0,1,2.5
0,2,2.5
0,3,2.5
1,1,2.5
1,2,2.5
1,3,2.5
2,1,2.5357142857142856
2,2,2.5357142857142856
2,3,2.5357142857142856
0,1,2.5
0,2,2.5
0,3,2.5
1,1,1.0
1,2,0.9999999999999998
1,3,1.0
2,1,1.0
2,2,1.0
2,3,0.9999999999999997
0,1,0
0,2,0
0,3,0
1,1,1.0216107871720117
1,2,1.0216107871720115
1,3,1.0216107871720117
2,1,1.0129664723032068
2,2,1.0129664723032068
2,3,1.0129664723032068
0,1,1.5
0,2,1.5
0,3,1.5
1,1,0.0
1,2,0.0
1,3,0.0
2,1,0.10714285714285714
2,2,0.10714285714285714
2,3,0.10714285714285714
0,1,0.5
0,2,0.5
0,3,0.5
1,1,0.0
1,2,0.0
1,3,0.0
2,1,0.0
2,2,0.0
2,3,0.0
0,1,2.0
0,2,2.0
0,3,2.0
1,1,2.0
1,2,1.9999999999999996
1,3,2.0
2,1,2.0
2,2,2.0
2,3,1.9999999999999993
0,1,2.5
0,2,2.5
0,3,2.5
1,1,2.0
1,2,1.9999999999999996
1,3,2.0
2,1,2.0
2,2,2.0
2,3,1.9999999999999993
0,1,1.0
0,2,1.0
0,3,1.0
1,1,0.0
1,2,0.0
1,3,0.0
2,1,0.07142857142857142
2,2,0.07142857142857142
2,3,0.07142857142857142
0,1,2.0
0,2,2.0
0,3,2.0
1,1,0.0
1,2,0.0
1,3,0.0
2,1,0.0
2,2,0.0
2,3,0.0
0,1,2.5
0,2,2.5
0,3,2.5
1,1,1.4999999999999998
1,2,1.4999999999999996
1,3,1.5
2,1,1.5357142857142856
2,2,1.5357142857142856
2,3,1.5357142857142851
0,1,1.0
0,2,1.0
0,3,1.0
1,1,0.0
1,2,0.0
1,3,0.0
2,1,0.0
2,2,0.0
2,3,0.0
0,1,3.0
0,2,3.0
0,3,3.0
1,1,2.0
1,2,1.9999999999999996
1,3,2.0
2,1,2.0
2,2,2.0
2,3,1.9999999999999998
0,1,2.5
0,2,2.5
0,3,2.5
1,1,1.0
1,2,0.9999999999999998
1,3,1.0
2,1,1.0
2,2,1.0
2,3,0.9999999999999997
0,1,0.5
0,2,0.5
0,3,0.5
1,1,0.0
1,2,0.0
1,3,0.0
2,1,0.03571428571428571
2,2,0.03571428571428571
2,3,0.03571428571428571
0,1,0.5
0,2,0.5
0,3,0.5
1,1,0.5
1,2,0.4999999999999999
1,3,0.5
2,1,0.5357142857142857
2,2,0.5357142857142857
2,3,0.5357142857142856
0,1,3.0
0,2,3.0
0,3,3.0
1,1,2.0
1,2,1.9999999999999996
1,3,2.0
2,1,2.0
2,2,2.0
2,3,1.9999999999999998
0,1,0
0,2,0
0,3,0
1,1,2.5
1,2,2.5
1,3,2.5
2,1,2.5
2,2,2.5
2,3,2.4999999999999996
0,1,1.0
0,2,1.0
0,3,1.0
1,1,0.0
1,2,0.0
1,3,0.0
2,1,0.0
2,2,0.0
2,3,0.0
0,1,3.0
0,2,3.0
0,3,3.0
1,1,2.5
1,2,2.5
1,3,2.5
2,1,2.5
2,2,2.5
2,3,2.4999999999999996
0,1,2.5
0,2,2.5
0,3,2.5
1,1,1.0
1,2,0.9999999999999998
1,3,1.0
2,1,1.0
2,2,1.0
2,3,0.9999999999999997
0,1,2.0
0,2,2.0
0,3,2.0
1,1,2.0
1,2,1.9999999999999996
1,3,2.0
2,1,2.071428571428571
2,2,2.071428571428571
2,3,2.071428571428571
0,1,1.0
0,2,1.0
0,3,1.0
1,1,0.0
1,2,0.0
1,3,0.0
2,1,0.0
2,2,0.0
2,3,0.0
0,1,1.0
0,2,1.0
0,3,1.0
1,1,0.00021258503401360568
1,2,0.00021258503401360394
1,3,0.00021258503401360568
2,1,0.00021258503401360394
2,2,0.00021258503401360568
2,3,0.00021258503401360394
0,1,2.5
0,2,2.5
0,3,2.5
1,1,1.4999999999999998
1,2,1.4999999999999996
1,3,1.5
2,1,1.5357142857142856
2,2,1.5357142857142856
2,3,1.5357142857142851
0,1,0.5
0,2,0.5
0,3,0.5
1,1,0.0
1,2,0.0
1,3,0.0
2,1,0.0
2,2,0.0
2,3,0.0
0,1,0
0,2,0
0,3,0
1,1,2.005952380952381
1,2,2.0059523809523805
1,3,2.005952380952381
2,1,2.0416666666666665
2,2,2.0416666666666665
2,3,2.041666666666666
0,1,2.5
0,2,2.5
0,3,2.5
1,1,1.4999999999999998
1,2,1.4999999999999996
1,3,1.5
2,1,1.5357142857142856
2,2,1.5357142857142856
2,3,1.5357142857142851
0,1,0.0
0,2,0.0
0,3,0.0
1,1,0.0
1,2,0.0
1,3,0.0
2,1,0.0
2,2,0.0
2,3,0.0
0,1,1.5
0,2,1.5
0,3,1.5
1,1,0.0
1,2,0.0
1,3,0.0
2,1,0.0
2,2,0.0
2,3,0.0
0,1,3.0
0,2,3.0
0,3,3.0
1,1,2.0
1,2,1.9999999999999996
1,3,2.0
2,1,2.0
2,2,2.0
2,3,1.9999999999999998
0,1,2.5
0,2,2.5
0,3,2.5
1,1,2.0
1,2,1.9999999999999996
1,3,2.0
2,1,2.0
2,2,2.0
2,3,1.9999999999999993
0,1,2.0
0,2,2.0
0,3,2.0
1,1,2.0
1,2,1.9999999999999996
1,3,2.0
2,1,2.0
2,2,2.0
2,3,1.9999999999999993
0,1,1.0
0,2,1.0
0,3,1.0
1,1,0.5
1,2,0.4999999999999999
1,3,0.5
2,1,0.5714285714285714
2,2,0.5714285714285714
2,3,0.5714285714285713
0,1,2.0
0,2,2.0
0,3,2.0
1,1,0.0
1,2,0.0
1,3,0.0
2,1,0.0
2,2,0.0
2,3,0.0
0,1,3.0
0,2,3.0
0,3,3.0
1,1,1.5
1,2,1.4999999999999998
1,3,1.5
2,1,1.5
2,2,1.5
2,3,1.5
0,1,0.5
0,2,0.5
0,3,0.5
1,1,0.0
1,2,0.0
1,3,0.0
2,1,0.0
2,2,0.0
2,3,0.0
0,1,3.5
0,2,3.5
0,3,3.5
1,1,3.0
1,2,3.0
1,3,3.0
2,1,3.0357142857142856
2,2,3.0357142857142856
2,3,3.0357142857142856
0,1,0.5
0,2,0.5
0,3,0.5
1,1,0.5
1,2,0.4999999999999999
1,3,0.5
2,1,0.5357142857142857
2,2,0.5357142857142857
2,3,0.5357142857142856
0,1,2.5
0,2,2.5
0,3,2.5
1,1,2.001912085370688
1,2,2.001912085370688
1,3,2.001912085370688
2,1,2.001912085370688
2,2,2.001912085370688
2,3,2.001912085370688
0,1,2.0
0,2,2.0
0,3,2.0
1,1,1.4999999999999998
1,2,1.4999999999999996
1,3,1.5
2,1,1.5
2,2,1.5
2,3,1.4999999999999996
0,1,0
0,2,0
0,3,0
1,1,2.0
1,2,2.0
1,3,2.0
2,1,2.0
2,2,2.0
2,3,1.9999999999999998
0,1,1.5
0,2,1.5
0,3,1.5
1,1,1.5
1,2,1.4999999999999998
1,3,1.5
2,1,1.6071428571428572
2,2,1.6071428571428572
2,3,1.6071428571428572
0,1,3.5
0,2,3.5
0,3,3.5
1,1,2.0
1,2,1.9999999999999996
1,3,2.0
2,1,2.0
2,2,2.0
2,3,1.9999999999999998
0,1,0
0,2,0
0,3,0
1,1,2.0079711246200604
1,2,2.0079711246200604
1,3,2.0079711246200604
2,1,2.0436854103343465
2,2,2.043685410334346
2,3,2.0436854103343465
0,1,3.0
0,2,3.0
0,3,3.0
1,1,3.0
1,2,2.9999999999999996
1,3,3.0
2,1,3.0
2,2,3.0
2,3,3.0
0,1,0
0,2,0
0,3,0
1,1,0.045047757475083064
1,2,0.04504775747508305
1,3,0.045047757475083064
2,1,0.04504775747508305
2,2,0.045047757475083064
2,3,0.04504775747508305
0,1,0.5
0,2,0.5
0,3,0.5
1,1,0.5
1,2,0.4999999999999999
1,3,0.5
2,1,0.5357142857142857
2,2,0.5357142857142857
2,3,0.5357142857142856
0,1,2.0
0,2,2.0
0,3,2.0
1,1,2.0
1,2,1.9999999999999996
1,3,2.0
2,1,2.0
2,2,2.0
2,3,1.9999999999999993
0,1,0.5
0,2,0.5
0,3,0.5
1,1,0.5
1,2,0.4999999999999999
1,3,0.5
2,1,0.5357142857142857
2,2,0.5357142857142857
2,3,0.5357142857142856
0,1,3.0
0,2,3.0
0,3,3.0
1,1,1.5
1,2,1.4999999999999998
1,3,1.5
2,1,1.5
2,2,1.5
2,3,1.5
0,1,2.5
0,2,2.5
0,3,2.5
1,1,2.5
1,2,2.4999999999999996
1,3,2.5
2,1,2.5357142857142856
2,2,2.5357142857142856
2,3,2.5357142857142856
0,1,2.5
0,2,2.5
0,3,2.5
1,1,2.0
1,2,1.9999999999999996
1,3,2.0
2,1,2.0357142857142856
2,2,2.0357142857142856
2,3,2.035714285714285
0,1,3.0
0,2,3.0
0,3,3.0
1,1,1.0
1,2,0.9999999999999998
1,3,1.0
2,1,1.0
2,2,1.0
2,3,0.9999999999999997
0,1,0
0,2,0
0,3,0
1,1,2.5
1,2,2.4999999999999996
1,3,2.5
2,1,2.5
2,2,2.5
2,3,2.4999999999999996
0,1,3.5
0,2,3.5
0,3,3.5
1,1,1.5
1,2,1.4999999999999998
1,3,1.5
2,1,1.5
2,2,1.5
2,3,1.5
0,1,1.5
0,2,1.5
0,3,1.5
1,1,0.0
1,2,0.0
1,3,0.0
2,1,0.0
2,2,0.0
2,3,0.0
0,1,2.0
0,2,2.0
0,3,2.0
1,1,0.0
1,2,0.0
1,3,0.0
2,1,0.14285714285714285
2,2,0.14285714285714285
2,3,0.14285714285714285
0,1,2.0
0,2,2.0
0,3,2.0
1,1,0.5
1,2,0.4999999999999999
1,3,0.5
2,1,0.6428571428571428
2,2,0.6428571428571428
2,3,0.6428571428571427
0,1,0
0,2,0
0,3,0
1,1,2.0019642857142856
1,2,2.001964285714285
1,3,2.0019642857142856
2,1,2.0376785714285712
2,2,2.0376785714285712
2,3,2.037678571428571
0,1,1.0
0,2,1.0
0,3,1.0
1,1,0.0
1,2,0.0
1,3,0.0
2,1,0.0
2,2,0.0
2,3,0.0
0,1,1.5
0,2,1.5
0,3,1.5
1,1,0.0
1,2,0.0
1,3,0.0
2,1,0.10714285714285714
2,2,0.10714285714285714
2,3,0.10714285714285714
0,1,2.0
0,2,2.0
0,3,2.0
1,1,1.5035714285714283
1,2,1.5035714285714281
1,3,1.5035714285714283
2,1,1.575
2,2,1.5749999999999997
2,3,1.5749999999999993
0,1,2.0
0,2,2.0
0,3,2.0
1,1,1.0
1,2,0.9999999999999998
1,3,1.0
2,1,1.0
2,2,1.0
2,3,0.9999999999999997
0,1,2.0
0,2,2.0
0,3,2.0
1,1,2.0
1,2,1.9999999999999996
1,3,2.0
2,1,2.0
2,2,2.0
2,3,1.9999999999999993
0,1,1.5
0,2,1.5
0,3,1.5
1,1,1.0
1,2,0.9999999999999998
1,3,1.0
2,1,1.0
2,2,1.0
2,3,0.9999999999999997
0,1,3.0
0,2,3.0
0,3,3.0
1,1,1.0
1,2,0.9999999999999998
1,3,1.0
2,1,1.0714285714285714
2,2,1.0714285714285714
2,3,1.0714285714285712
0,1,0
0,2,0
0,3,0
1,1,1.0
1,2,0.9999999999999998
1,3,1.0
2,1,1.0
2,2,1.0
2,3,0.9999999999999997
0,1,0.5
0,2,0.5
0,3,0.5
1,1,0.0
1,2,0.0
1,3,0.0
2,1,0.0
2,2,0.0
2,3,0.0
0,1,2.5
0,2,2.5
0,3,2.5
1,1,2.0
1,2,1.9999999999999996
1,3,2.0
2,1,2.0357142857142856
2,2,2.0357142857142856
2,3,2.035714285714285
0,1,3.0
0,2,3.0
0,3,3.0
1,1,2.5
1,2,2.5
1,3,2.5
2,1,2.571428571428571
2,2,2.571428571428571
2,3,2.571428571428571
0,1,2.0
0,2,2.0
0,3,2.0
1,1,1.4999999999999998
1,2,1.4999999999999996
1,3,1.5
2,1,1.5
2,2,1.5
2,3,1.4999999999999996
0,1,2.5
0,2,2.5
0,3,2.5
1,1,1.4999999999999998
1,2,1.4999999999999996
1,3,1.5
2,1,1.5
2,2,1.5
2,3,1.4999999999999996
0,1,2.0
0,2,2.0
0,3,2.0
1,1,1.0
1,2,0.9999999999999998
1,3,1.0
2,1,1.0
2,2,1.0
2,3,0.9999999999999997
0,1,2.5
0,2,2.5
0,3,2.5
1,1,1.4999999999999998
1,2,1.4999999999999996
1,3,1.5
2,1,1.5
2,2,1.5
2,3,1.4999999999999996
0,1,1.0
0,2,1.0
0,3,1.0
1,1,1.0
1,2,0.9999999999999998
1,3,1.0
2,1,1.0714285714285714
2,2,1.0714285714285714
2,3,1.0714285714285712
0,1,1.5
0,2,1.5
0,3,1.5
1,1,0.0
1,2,0.0
1,3,0.0
2,1,0.0
2,2,0.0
2,3,0.0
0,1,1.9999999999999998
0,2,1.9999999999999998
0,3,1.9999999999999998
1,1,1.0
1,2,0.9999999999999998
1,3,1.0
2,1,1.0
2,2,1.0
2,3,0.9999999999999997
0,1,0
0,2,0
0,3,0
1,1,3.3001273743857267
1,2,3.3001273743857267
1,3,3.300127374385727
2,1,3.289611501369854
2,2,3.289611501369854
2,3,3.2896115013698544
0,1,0.0
0,2,0.0
0,3,0.0
1,1,0.0
1,2,0.0
1,3,0.0
2,1,0.0
2,2,0.0
2,3,0.0
0,1,1.5
0,2,1.5
0,3,1.5
1,1,0.5
1,2,0.4999999999999999
1,3,0.5
2,1,0.6071428571428571
2,2,0.6071428571428571
2,3,0.607142857142857
0,1,1.0
0,2,1.0
0,3,1.0
1,1,0.0
1,2,0.0
1,3,0.0
2,1,0.07142857142857142
2,2,0.07142857142857142
2,3,0.07142857142857142
0,1,3.0
0,2,3.0
0,3,3.0
1,1,1.0
1,2,0.9999999999999998
1,3,1.0
2,1,1.0
2,2,1.0
2,3,0.9999999999999997
0,1,2.0
0,2,2.0
0,3,2.0
1,1,2.0
1,2,1.9999999999999996
1,3,2.0
2,1,2.0
2,2,2.0
2,3,1.9999999999999993
0,1,1.5
0,2,1.5
0,3,1.5
1,1,0.0
1,2,0.0
1,3,0.0
2,1,0.10714285714285714
2,2,0.10714285714285714
2,3,0.10714285714285714
0,1,1.5
0,2,1.5
0,3,1.5
1,1,0.0
1,2,0.0
1,3,0.0
2,1,0.10714285714285714
2,2,0.10714285714285714
2,3,0.10714285714285714
0,1,1.0
0,2,1.0
0,3,1.0
1,1,1.0
1,2,0.9999999999999998
1,3,1.0
2,1,1.0714285714285714
2,2,1.0714285714285714
2,3,1.0714285714285712
0,1,1.0
0,2,1.0
0,3,1.0
1,1,0.0
1,2,0.0
1,3,0.0
2,1,0.0
2,2,0.0
2,3,0.0
0,1,0
0,2,0
0,3,0
1,1,2.0
1,2,2.0
1,3,2.0
2,1,2.0
2,2,2.0
2,3,1.9999999999999998
0,1,3.5
0,2,3.5
0,3,3.5
1,1,1.5
1,2,1.4999999999999998
1,3,1.5
2,1,1.5357142857142856
2,2,1.5357142857142856
2,3,1.5357142857142858
0,1,2.5
0,2,2.5
0,3,2.5
1,1,1.4999999999999998
1,2,1.4999999999999996
1,3,1.5
2,1,1.5
2,2,1.5
2,3,1.4999999999999996
0,1,2.0
0,2,2.0
0,3,2.0
1,1,1.0
1,2,0.9999999999999998
1,3,1.0
2,1,1.0
2,2,1.0
2,3,0.9999999999999997
0,1,0.0
0,2,0.0
0,3,0.0
1,1,0.0
1,2,0.0
1,3,0.0
2,1,0.0
2,2,0.0
2,3,0.0
0,1,0.5
0,2,0.5
0,3,0.5
1,1,0.5
1,2,0.4999999999999999
1,3,0.5
2,1,0.5357142857142857
2,2,0.5357142857142857
2,3,0.5357142857142856
0,1,2.0
0,2,2.0
0,3,2.0
1,1,0.5
1,2,0.4999999999999999
1,3,0.5
2,1,0.6428571428571428
2,2,0.6428571428571428
2,3,0.6428571428571427
0,1,1.0
0,2,1.0
0,3,1.0
1,1,0.0
1,2,0.0
1,3,0.0
2,1,0.07142857142857142
2,2,0.07142857142857142
2,3,0.07142857142857142
0,1,2.0
0,2,2.0
0,3,2.0
1,1,0.5
1,2,0.4999999999999999
1,3,0.5
2,1,0.5
2,2,0.5
2,3,0.49999999999999983
0,1,2.0
0,2,2.0
0,3,2.0
1,1,2.0
1,2,1.9999999999999996
1,3,2.0
2,1,2.0
2,2,2.0
2,3,1.9999999999999993
0,1,0.5
0,2,0.5
0,3,0.5
1,1,0.5
1,2,0.4999999999999999
1,3,0.5
2,1,0.5357142857142857
2,2,0.5357142857142857
2,3,0.5357142857142856
0,1,1.0
0,2,1.0
0,3,1.0
1,1,1.0
1,2,0.9999999999999998
1,3,1.0
2,1,1.0714285714285714
2,2,1.0714285714285714
2,3,1.0714285714285712
0,1,2.0
0,2,2.0
0,3,2.0
1,1,1.0
1,2,0.9999999999999998
1,3,1.0
2,1,1.0
2,2,1.0
2,3,0.9999999999999997
0,1,1.0
0,2,1.0
0,3,1.0
1,1,1.0
1,2,0.9999999999999998
1,3,1.0
2,1,1.0714285714285714
2,2,1.0714285714285714
2,3,1.0714285714285712
0,1,1.5
0,2,1.5
0,3,1.5
1,1,1.4999999999999998
1,2,1.4999999999999996
1,3,1.4999999999999998
2,1,1.5357142857142856
2,2,1.5357142857142856
2,3,1.5357142857142851
0,1,0
0,2,0
0,3,0
1,1,2.0
1,2,1.9999999999999996
1,3,2.0
2,1,2.0
2,2,2.0
2,3,1.9999999999999998
0,1,0
0,2,0
0,3,0
1,1,2.0
1,2,1.9999999999999996
1,3,2.0
2,1,2.0357142857142856
2,2,2.0357142857142856
2,3,2.035714285714285
0,1,0.5
0,2,0.5
0,3,0.5
1,1,0.0
1,2,0.0
1,3,0.0
2,1,0.03571428571428571
2,2,0.03571428571428571
2,3,0.03571428571428571
0,1,2.0
0,2,2.0
0,3,2.0
1,1,0.0
1,2,0.0
1,3,0.0
2,1,0.0
2,2,0.0
2,3,0.0
0,1,2.5
0,2,2.5
0,3,2.5
1,1,2.0
1,2,1.9999999999999996
1,3,2.0
2,1,2.0
2,2,2.0
2,3,1.9999999999999993
0,1,2.5
0,2,2.5
0,3,2.5
1,1,1.0
1,2,0.9999999999999998
1,3,1.0
2,1,1.0
2,2,1.0
2,3,0.9999999999999997
0,1,1.0
0,2,1.0
0,3,1.0
1,1,1.0
1,2,0.9999999999999998
1,3,1.0
2,1,1.0714285714285714
2,2,1.0714285714285714
2,3,1.0714285714285712
0,1,2.5
0,2,2.5
0,3,2.5
1,1,2.0
1,2,1.9999999999999996
1,3,2.0
2,1,2.0357142857142856
2,2,2.0357142857142856
2,3,2.035714285714285
0,1,2.0
0,2,2.0
0,3,2.0
1,1,1.0
1,2,0.9999999999999998
1,3,1.0
2,1,1.0
2,2,1.0
2,3,0.9999999999999997
0,1,0
0,2,0
0,3,0
1,1,1.4999999999999998
1,2,1.4999999999999996
1,3,1.5
2,1,1.5357142857142856
2,2,1.5357142857142856
2,3,1.5357142857142851
0,1,1.0
0,2,1.0
0,3,1.0
1,1,0.0
1,2,0.0
1,3,0.0
2,1,0.0
2,2,0.0
2,3,0.0
0,1,1.4999999999999998
0,2,1.4999999999999998
0,3,1.4999999999999998
1,1,0.03159340659340659
1,2,0.03159340659340659
1,3,0.03159340659340659
2,1,0.03159340659340659
2,2,0.03159340659340659
2,3,0.03159340659340659
0,1,0.5
0,2,0.5
0,3,0.5
1,1,0.0
1,2,0.0
1,3,0.0
2,1,0.0
2,2,0.0
2,3,0.0
0,1,3.0
0,2,3.0
0,3,3.0
1,1,1.4999999999999998
1,2,1.4999999999999996
1,3,1.5
2,1,1.5714285714285714
2,2,1.5714285714285714
2,3,1.571428571428571
0,1,2.0
0,2,2.0
0,3,2.0
1,1,1.0
1,2,0.9999999999999998
1,3,1.0
2,1,1.1428571428571428
2,2,1.1428571428571428
2,3,1.1428571428571426
0,1,3.0
0,2,3.0
0,3,3.0
1,1,2.0
1,2,1.9999999999999996
1,3,2.0
2,1,2.0
2,2,2.0
2,3,1.9999999999999998
0,1,1.5
0,2,1.5
0,3,1.5
1,1,0.5
1,2,0.4999999999999999
1,3,0.5
2,1,0.6071428571428571
2,2,0.6071428571428571
2,3,0.607142857142857
0,1,0
0,2,0
0,3,0
1,1,2.0
1,2,2.0
1,3,2.0
2,1,2.0
2,2,2.0
2,3,1.9999999999999998
0,1,1.0
0,2,1.0
0,3,1.0
1,1,0.0
1,2,0.0
1,3,0.0
2,1,0.07142857142857142
2,2,0.07142857142857142
2,3,0.07142857142857142
0,1,1.0
0,2,1.0
0,3,1.0
1,1,1.0
1,2,0.9999999999999998
1,3,1.0
2,1,1.0714285714285714
2,2,1.0714285714285714
2,3,1.0714285714285712
0,1,1.0
0,2,1.0
0,3,1.0
1,1,0.0
1,2,0.0
1,3,0.0
2,1,0.0
2,2,0.0
2,3,0.0
0,1,1.0
0,2,1.0
0,3,1.0
1,1,0.0
1,2,0.0
1,3,0.0
2,1,0.0
2,2,0.0
2,3,0.0
0,1,0
0,2,0
0,3,0
1,1,2.5003644314868803
1,2,2.5003644314868803
1,3,2.5003644314868803
2,1,2.5003644314868803
2,2,2.5003644314868803
2,3,2.5003644314868803
0,1,1.0
0,2,1.0
0,3,1.0
1,1,0.0
1,2,0.0
1,3,0.0
2,1,0.0
2,2,0.0
2,3,0.0
0,1,0
0,2,0
0,3,0
1,1,1.5
1,2,1.4999999999999998
1,3,1.5
2,1,1.5
2,2,1.5
2,3,1.5
0,1,1.5
0,2,1.5
0,3,1.5
1,1,1.0
1,2,0.9999999999999998
1,3,1.0
2,1,1.0
2,2,1.0
2,3,0.9999999999999997
0,1,1.0
0,2,1.0
0,3,1.0
1,1,0.0
1,2,0.0
1,3,0.0
2,1,0.0
2,2,0.0
2,3,0.0
0,1,2.5
0,2,2.5
0,3,2.5
1,1,1.0
1,2,0.9999999999999998
1,3,1.0
2,1,1.0
2,2,1.0
2,3,0.9999999999999997
0,1,2.5
0,2,2.5
0,3,2.5
1,1,1.0
1,2,0.9999999999999998
1,3,1.0
2,1,1.0357142857142856
2,2,1.0357142857142856
2,3,1.0357142857142854
0,1,1.5
0,2,1.5
0,3,1.5
1,1,0.0
1,2,0.0
1,3,0.0
2,1,0.0
2,2,0.0
2,3,0.0
0,1,1.9999999999999998
0,2,1.9999999999999998
0,3,1.9999999999999998
1,1,0.5
1,2,0.4999999999999999
1,3,0.5
2,1,0.5714285714285714
2,2,0.5714285714285714
2,3,0.5714285714285713
0,1,1.0
0,2,1.0
0,3,1.0
1,1,0.0
1,2,0.0
1,3,0.0
2,1,0.0
2,2,0.0
2,3,0.0
0,1,1.0
0,2,1.0
0,3,1.0
1,1,0.0
1,2,0.0
1,3,0.0
2,1,0.0
2,2,0.0
2,3,0.0
0,1,1.5
0,2,1.5
0,3,1.5
1,1,1.5
1,2,1.5
1,3,1.5
2,1,1.6071428571428572
2,2,1.6071428571428572
2,3,1.6071428571428572
0,1,3.5
0,2,3.5
0,3,3.5
1,1,2.0
1,2,2.0
1,3,2.0
2,1,2.0
2,2,2.0
2,3,1.9999999999999998
0,1,3.5
0,2,3.5
0,3,3.5
1,1,3.0
1,2,2.9999999999999996
1,3,3.0
2,1,3.0
2,2,3.0
2,3,3.0
0,1,2.0
0,2,2.0
0,3,2.0
1,1,1.4999999999999998
1,2,1.4999999999999996
1,3,1.5
2,1,1.5
2,2,1.5
2,3,1.4999999999999996
0,1,3.5
0,2,3.5
0,3,3.5
1,1,2.5
1,2,2.4999999999999996
1,3,2.5
2,1,2.5
2,2,2.5
2,3,2.4999999999999996
0,1,1.0
0,2,1.0
0,3,1.0
1,1,0.0
1,2,0.0
1,3,0.0
2,1,0.0
2,2,0.0
2,3,0.0
0,1,0.5
0,2,0.5
0,3,0.5
1,1,0.0
1,2,0.0
1,3,0.0
2,1,0.03571428571428571
2,2,0.03571428571428571
2,3,0.03571428571428571
0,1,1.5
0,2,1.5
0,3,1.5
1,1,0.0
1,2,0.0
1,3,0.0
2,1,0.0
2,2,0.0
2,3,0.0
0,1,3.0
0,2,3.0
0,3,3.0
1,1,2.5
1,2,2.4999999999999996
1,3,2.5
2,1,2.5
2,2,2.5
2,3,2.4999999999999996
0,1,0
0,2,0
0,3,0
1,1,0.05174059929494713
1,2,0.05174059929494709
1,3,0.05174059929494713
2,1,0.05174059929494712
2,2,0.05174059929494712
2,3,0.05174059929494712
0,1,0
0,2,0
0,3,0
1,1,3.0
1,2,3.0
1,3,3.0
2,1,3.0
2,2,3.0
2,3,3.0
0,1,2.5
0,2,2.5
0,3,2.5
1,1,1.0
1,2,0.9999999999999998
1,3,1.0
2,1,1.0
2,2,1.0
2,3,0.9999999999999997
0,1,3.5
0,2,3.5
0,3,3.5
1,1,3.0
1,2,2.9999999999999996
1,3,3.0
2,1,3.0
2,2,3.0
2,3,3.0
0,1,1.5
0,2,1.5
0,3,1.5
1,1,1.0
1,2,0.9999999999999998
1,3,1.0
2,1,1.0
2,2,1.0
2,3,0.9999999999999997
0,1,0.5
0,2,0.5
0,3,0.5
1,1,0.5
1,2,0.4999999999999999
1,3,0.5
2,1,0.5357142857142857
2,2,0.5357142857142857
2,3,0.5357142857142856
0,1,1.0
0,2,1.0
0,3,1.0
1,1,0.0
1,2,0.0
1,3,0.0
2,1,0.07142857142857142
2,2,0.07142857142857142
2,3,0.07142857142857142
0,1,2.5
0,2,2.5
0,3,2.5
1,1,2.0
1,2,2.0
1,3,2.0
2,1,2.107142857142857
2,2,2.107142857142857
2,3,2.1071428571428568
0,1,1.0
0,2,1.0
0,3,1.0
1,1,0.0
1,2,0.0
1,3,0.0
2,1,0.0
2,2,0.0
2,3,0.0
0,1,2.5
0,2,2.5
0,3,2.5
1,1,2.0
1,2,1.9999999999999996
1,3,2.0
2,1,2.0
2,2,2.0
2,3,1.9999999999999993
0,1,2.0
0,2,2.0
0,3,2.0
1,1,0.5
1,2,0.4999999999999999
1,3,0.5
2,1,0.5
2,2,0.5
2,3,0.49999999999999983
0,1,2.5
0,2,2.5
0,3,2.5
1,1,2.0
1,2,1.9999999999999996
1,3,2.0
2,1,2.0
2,2,2.0
2,3,1.9999999999999993
0,1,2.0
0,2,2.0
0,3,2.0
1,1,0.0
1,2,0.0
1,3,0.0
2,1,0.0
2,2,0.0
2,3,0.0
0,1,1.5
0,2,1.5
0,3,1.5
1,1,1.5
1,2,1.5
1,3,1.5
2,1,1.6071428571428572
2,2,1.6071428571428572
2,3,1.6071428571428572
0,1,2.5
0,2,2.5
0,3,2.5
1,1,2.0
1,2,1.9999999999999996
1,3,2.0
2,1,2.0
2,2,2.0
2,3,1.9999999999999993
0,1,1.0
0,2,1.0
0,3,1.0
1,1,1.0
1,2,0.9999999999999998
1,3,1.0
2,1,1.0714285714285714
2,2,1.0714285714285714
2,3,1.0714285714285712
0,1,3.0
0,2,3.0
0,3,3.0
1,1,1.0
1,2,0.9999999999999998
1,3,1.0
2,1,1.0714285714285714
2,2,1.0714285714285714
2,3,1.0714285714285712
0,1,2.5
0,2,2.5
0,3,2.5
1,1,2.0
1,2,1.9999999999999996
1,3,2.0
2,1,2.0
2,2,2.0
2,3,1.9999999999999993
0,1,1.5
0,2,1.5
0,3,1.5
1,1,1.0
1,2,0.9999999999999998
1,3,1.0
2,1,1.0
2,2,1.0
2,3,0.9999999999999997
0,1,3.5
0,2,3.5
0,3,3.5
1,1,2.0
1,2,2.0
1,3,2.0
2,1,2.0
2,2,2.0
2,3,1.9999999999999998
0,1,2.5
0,2,2.5
0,3,2.5
1,1,2.0
1,2,1.9999999999999996
1,3,2.0
2,1,2.0357142857142856
2,2,2.0357142857142856
2,3,2.035714285714285
0,1,0.5
0,2,0.5
0,3,0.5
1,1,0.5
1,2,0.4999999999999999
1,3,0.5
2,1,0.5357142857142857
2,2,0.5357142857142857
2,3,0.5357142857142856
0,1,1.5
0,2,1.5
0,3,1.5
1,1,0.5
1,2,0.4999999999999999
1,3,0.5
2,1,0.6071428571428571
2,2,0.6071428571428571
2,3,0.607142857142857
0,1,1.5
0,2,1.5
0,3,1.5
1,1,0.5
1,2,0.4999999999999999
1,3,0.5
2,1,0.5
2,2,0.5
2,3,0.49999999999999983
0,1,1.0
0,2,1.0
0,3,1.0
1,1,0.0
1,2,0.0
1,3,0.0
2,1,0.0
2,2,0.0
2,3,0.0
0,1,0
0,2,0
0,3,0
1,1,1.5
1,2,1.4999999999999998
1,3,1.5
2,1,1.6071428571428572
2,2,1.6071428571428572
2,3,1.6071428571428572
0,1,3.0
0,2,3.0
0,3,3.0
1,1,1.5
1,2,1.4999999999999998
1,3,1.5
2,1,1.5
2,2,1.5
2,3,1.5
0,1,3.0
0,2,3.0
0,3,3.0
1,1,2.0
1,2,1.9999999999999996
1,3,2.0
2,1,2.071428571428571
2,2,2.071428571428571
2,3,2.0714285714285707
0,1,2.5
0,2,2.5
0,3,2.5
1,1,2.5
1,2,2.4999999999999996
1,3,2.5
2,1,2.5357142857142856
2,2,2.5357142857142856
2,3,2.5357142857142856
0,1,3.5
0,2,3.5
0,3,3.5
1,1,3.0
1,2,2.9999999999999996
1,3,3.0
2,1,3.0
2,2,3.0
2,3,3.0
0,1,1.0
0,2,1.0
0,3,1.0
1,1,0.5
1,2,0.4999999999999999
1,3,0.5
2,1,0.5714285714285714
2,2,0.5714285714285714
2,3,0.5714285714285713
0,1,1.0
0,2,1.0
0,3,1.0
1,1,0.0
1,2,0.0
1,3,0.0
2,1,0.07142857142857142
2,2,0.07142857142857142
2,3,0.07142857142857142
0,1,0
0,2,0
0,3,0
1,1,3.0029761904761902
1,2,3.00297619047619
1,3,3.0029761904761902
2,1,3.002551020408163
2,2,3.002551020408163
2,3,3.0025510204081636
0,1,0
0,2,0
0,3,0
1,1,0.0
1,2,0.0
1,3,0.0
2,1,0.0
2,2,0.0
2,3,0.0
0,1,0.0
0,2,0.0
0,3,0.0
1,1,0.0
1,2,0.0
1,3,0.0
2,1,0.0
2,2,0.0
2,3,0.0
0,1,0.0
0,2,0.0
0,3,0.0
1,1,0.0
1,2,0.0
1,3,0.0
2,1,0.0
2,2,0.0
2,3,0.0
0,1,1.5
0,2,1.5
0,3,1.5
1,1,0.5
1,2,0.4999999999999999
1,3,0.5
2,1,0.6071428571428571
2,2,0.6071428571428571
2,3,0.607142857142857
0,1,3.5
0,2,3.5
0,3,3.5
1,1,2.5
1,2,2.5
1,3,2.5
2,1,2.5357142857142856
2,2,2.5357142857142856
2,3,2.5357142857142856
0,1,1.5
0,2,1.5
0,3,1.5
1,1,1.5
1,2,1.4999999999999998
1,3,1.5
2,1,1.6071428571428572
2,2,1.6071428571428572
2,3,1.6071428571428572
0,1,1.5
0,2,1.5
0,3,1.5
1,1,0.5
1,2,0.4999999999999999
1,3,0.5
2,1,0.6071428571428571
2,2,0.6071428571428571
2,3,0.607142857142857
0,1,2.5
0,2,2.5
0,3,2.5
1,1,1.4999999999999998
1,2,1.4999999999999996
1,3,1.5
2,1,1.5
2,2,1.5
2,3,1.4999999999999996
0,1,1.5
0,2,1.5
0,3,1.5
1,1,0.15866760428744797
1,2,0.15866760428744803
1,3,0.15866760428744803
2,1,0.15866760428744808
2,2,0.15866760428744803
2,3,0.15866760428744808
0,1,1.0
0,2,1.0
0,3,1.0
1,1,0.0
1,2,0.0
1,3,0.0
2,1,0.0
2,2,0.0
2,3,0.0
0,1,2.5
0,2,2.5
0,3,2.5
1,1,1.0
1,2,0.9999999999999998
1,3,1.0
2,1,1.1071428571428572
2,2,1.1071428571428572
2,3,1.1071428571428568
0,1,1.0
0,2,1.0
0,3,1.0
1,1,0.0
1,2,0.0
1,3,0.0
2,1,0.0
2,2,0.0
2,3,0.0
0,1,2.5
0,2,2.5
0,3,2.5
1,1,1.4999999999999998
1,2,1.4999999999999996
1,3,1.5
2,1,1.5357142857142856
2,2,1.5357142857142856
2,3,1.5357142857142851
0,1,0.5
0,2,0.5
0,3,0.5
1,1,0.5
1,2,0.4999999999999999
1,3,0.5
2,1,0.5357142857142857
2,2,0.5357142857142857
2,3,0.5357142857142856
0,1,0.0
0,2,0.0
0,3,0.0
1,1,0.0
1,2,0.0
1,3,0.0
2,1,0.0
2,2,0.0
2,3,0.0
0,1,2.5
0,2,2.5
0,3,2.5
1,1,1.0
1,2,0.9999999999999998
1,3,1.0
2,1,1.0
2,2,1.0
2,3,0.9999999999999997
0,1,1.0
0,2,1.0
0,3,1.0
1,1,0.1299912389198103
1,2,0.12999123891981038
1,3,0.1299912389198103
2,1,0.1299912389198103
2,2,0.12999123891981032
2,3,0.12999123891981035
0,1,1.5
0,2,1.5
0,3,1.5
1,1,0.13493409863945582
1,2,0.1349340986394558
1,3,0.13493409863945582
2,1,0.1349340986394558
2,2,0.1349340986394558
2,3,0.13493409863945582
0,1,0
0,2,0
0,3,0
1,1,2.5
1,2,2.5
1,3,2.5
2,1,2.5
2,2,2.5
2,3,2.4999999999999996
0,1,1.0
0,2,1.0
0,3,1.0
1,1,0.0
1,2,0.0
1,3,0.0
2,1,0.0
2,2,0.0
2,3,0.0
0,1,1.5
0,2,1.5
0,3,1.5
1,1,0.0
1,2,0.0
1,3,0.0
2,1,0.0
2,2,0.0
2,3,0.0
0,1,2.5
0,2,2.5
0,3,2.5
1,1,2.5
1,2,2.5
1,3,2.5
2,1,2.5357142857142856
2,2,2.5357142857142856
2,3,2.5357142857142856
0,1,1.0
0,2,1.0
0,3,1.0
1,1,0.0
1,2,0.0
1,3,0.0
2,1,0.07142857142857142
2,2,0.07142857142857142
2,3,0.07142857142857142
